--
-- PostgreSQL database dump
--

-- Dumped from database version 12.22 (Ubuntu 12.22-0ubuntu0.20.04.4)
-- Dumped by pg_dump version 12.22 (Ubuntu 12.22-0ubuntu0.20.04.4)

SET statement_timeout = 0;
SET lock_timeout = 0;
SET idle_in_transaction_session_timeout = 0;
SET client_encoding = 'UTF8';
SET standard_conforming_strings = on;
SELECT pg_catalog.set_config('search_path', '', false);
SET check_function_bodies = false;
SET xmloption = content;
SET client_min_messages = warning;
SET row_security = off;

DROP DATABASE universe;
--
-- Name: universe; Type: DATABASE; Schema: -; Owner: freecodecamp
--

CREATE DATABASE universe WITH TEMPLATE = template0 ENCODING = 'UTF8' LC_COLLATE = 'C.UTF-8' LC_CTYPE = 'C.UTF-8';


ALTER DATABASE universe OWNER TO freecodecamp;

\connect universe

SET statement_timeout = 0;
SET lock_timeout = 0;
SET idle_in_transaction_session_timeout = 0;
SET client_encoding = 'UTF8';
SET standard_conforming_strings = on;
SELECT pg_catalog.set_config('search_path', '', false);
SET check_function_bodies = false;
SET xmloption = content;
SET client_min_messages = warning;
SET row_security = off;

SET default_tablespace = '';

SET default_table_access_method = heap;

--
-- Name: comet; Type: TABLE; Schema: public; Owner: freecodecamp
--

CREATE TABLE public.comet (
    comet_id integer NOT NULL,
    name character varying(100) NOT NULL,
    orbit_distance numeric NOT NULL,
    visible_from_earth boolean NOT NULL,
    speed_int integer NOT NULL
);


ALTER TABLE public.comet OWNER TO freecodecamp;

--
-- Name: comet_comet_id_seq; Type: SEQUENCE; Schema: public; Owner: freecodecamp
--

CREATE SEQUENCE public.comet_comet_id_seq
    AS integer
    START WITH 1
    INCREMENT BY 1
    NO MINVALUE
    NO MAXVALUE
    CACHE 1;


ALTER TABLE public.comet_comet_id_seq OWNER TO freecodecamp;

--
-- Name: comet_comet_id_seq; Type: SEQUENCE OWNED BY; Schema: public; Owner: freecodecamp
--

ALTER SEQUENCE public.comet_comet_id_seq OWNED BY public.comet.comet_id;


--
-- Name: galaxy; Type: TABLE; Schema: public; Owner: freecodecamp
--

CREATE TABLE public.galaxy (
    galaxy_id integer NOT NULL,
    name character varying(100) NOT NULL,
    size_int integer NOT NULL,
    has_black_hole boolean NOT NULL,
    description text,
    distance_from_earth numeric
);


ALTER TABLE public.galaxy OWNER TO freecodecamp;

--
-- Name: galaxy_galaxy_id_seq; Type: SEQUENCE; Schema: public; Owner: freecodecamp
--

CREATE SEQUENCE public.galaxy_galaxy_id_seq
    AS integer
    START WITH 1
    INCREMENT BY 1
    NO MINVALUE
    NO MAXVALUE
    CACHE 1;


ALTER TABLE public.galaxy_galaxy_id_seq OWNER TO freecodecamp;

--
-- Name: galaxy_galaxy_id_seq; Type: SEQUENCE OWNED BY; Schema: public; Owner: freecodecamp
--

ALTER SEQUENCE public.galaxy_galaxy_id_seq OWNED BY public.galaxy.galaxy_id;


--
-- Name: moon; Type: TABLE; Schema: public; Owner: freecodecamp
--

CREATE TABLE public.moon (
    moon_id integer NOT NULL,
    name character varying(100) NOT NULL,
    planet_id integer NOT NULL,
    diameter_int integer NOT NULL,
    is_habitable boolean NOT NULL,
    surface_composition text
);


ALTER TABLE public.moon OWNER TO freecodecamp;

--
-- Name: moon_moon_id_seq; Type: SEQUENCE; Schema: public; Owner: freecodecamp
--

CREATE SEQUENCE public.moon_moon_id_seq
    AS integer
    START WITH 1
    INCREMENT BY 1
    NO MINVALUE
    NO MAXVALUE
    CACHE 1;


ALTER TABLE public.moon_moon_id_seq OWNER TO freecodecamp;

--
-- Name: moon_moon_id_seq; Type: SEQUENCE OWNED BY; Schema: public; Owner: freecodecamp
--

ALTER SEQUENCE public.moon_moon_id_seq OWNED BY public.moon.moon_id;


--
-- Name: planet; Type: TABLE; Schema: public; Owner: freecodecamp
--

CREATE TABLE public.planet (
    planet_id integer NOT NULL,
    name character varying(100) NOT NULL,
    star_id integer NOT NULL,
    population_int bigint NOT NULL,
    has_life boolean NOT NULL,
    radius numeric
);


ALTER TABLE public.planet OWNER TO freecodecamp;

--
-- Name: planet_planet_id_seq; Type: SEQUENCE; Schema: public; Owner: freecodecamp
--

CREATE SEQUENCE public.planet_planet_id_seq
    AS integer
    START WITH 1
    INCREMENT BY 1
    NO MINVALUE
    NO MAXVALUE
    CACHE 1;


ALTER TABLE public.planet_planet_id_seq OWNER TO freecodecamp;

--
-- Name: planet_planet_id_seq; Type: SEQUENCE OWNED BY; Schema: public; Owner: freecodecamp
--

ALTER SEQUENCE public.planet_planet_id_seq OWNED BY public.planet.planet_id;


--
-- Name: star; Type: TABLE; Schema: public; Owner: freecodecamp
--

CREATE TABLE public.star (
    star_id integer NOT NULL,
    name character varying(100) NOT NULL,
    galaxy_id integer NOT NULL,
    temperature_int integer NOT NULL,
    is_active boolean NOT NULL,
    mass numeric
);


ALTER TABLE public.star OWNER TO freecodecamp;

--
-- Name: star_star_id_seq; Type: SEQUENCE; Schema: public; Owner: freecodecamp
--

CREATE SEQUENCE public.star_star_id_seq
    AS integer
    START WITH 1
    INCREMENT BY 1
    NO MINVALUE
    NO MAXVALUE
    CACHE 1;


ALTER TABLE public.star_star_id_seq OWNER TO freecodecamp;

--
-- Name: star_star_id_seq; Type: SEQUENCE OWNED BY; Schema: public; Owner: freecodecamp
--

ALTER SEQUENCE public.star_star_id_seq OWNED BY public.star.star_id;


--
-- Name: comet comet_id; Type: DEFAULT; Schema: public; Owner: freecodecamp
--

ALTER TABLE ONLY public.comet ALTER COLUMN comet_id SET DEFAULT nextval('public.comet_comet_id_seq'::regclass);


--
-- Name: galaxy galaxy_id; Type: DEFAULT; Schema: public; Owner: freecodecamp
--

ALTER TABLE ONLY public.galaxy ALTER COLUMN galaxy_id SET DEFAULT nextval('public.galaxy_galaxy_id_seq'::regclass);


--
-- Name: moon moon_id; Type: DEFAULT; Schema: public; Owner: freecodecamp
--

ALTER TABLE ONLY public.moon ALTER COLUMN moon_id SET DEFAULT nextval('public.moon_moon_id_seq'::regclass);


--
-- Name: planet planet_id; Type: DEFAULT; Schema: public; Owner: freecodecamp
--

ALTER TABLE ONLY public.planet ALTER COLUMN planet_id SET DEFAULT nextval('public.planet_planet_id_seq'::regclass);


--
-- Name: star star_id; Type: DEFAULT; Schema: public; Owner: freecodecamp
--

ALTER TABLE ONLY public.star ALTER COLUMN star_id SET DEFAULT nextval('public.star_star_id_seq'::regclass);


--
-- Data for Name: comet; Type: TABLE DATA; Schema: public; Owner: freecodecamp
--

INSERT INTO public.comet VALUES (1, 'Halley', 17.8, true, 70);
INSERT INTO public.comet VALUES (2, 'Hale-Bopp', 1000, true, 44);
INSERT INTO public.comet VALUES (3, 'Encke', 4.1, true, 69);


--
-- Data for Name: galaxy; Type: TABLE DATA; Schema: public; Owner: freecodecamp
--

INSERT INTO public.galaxy VALUES (1, 'Milky Way', 100000, true, 'Our home galaxy', 0);
INSERT INTO public.galaxy VALUES (2, 'Andromeda', 120000, true, 'Nearest major galaxy', 2537000);
INSERT INTO public.galaxy VALUES (3, 'Triangulum', 60000, false, 'Small spiral galaxy', 3000000);
INSERT INTO public.galaxy VALUES (4, 'Whirlpool', 70000, true, 'Interacting grand design spiral', 23000000);
INSERT INTO public.galaxy VALUES (5, 'Sombrero', 50000, true, 'Bright nucleus', 29000000);
INSERT INTO public.galaxy VALUES (6, 'Pinwheel', 85000, false, 'Face-on spiral', 21000000);


--
-- Data for Name: moon; Type: TABLE DATA; Schema: public; Owner: freecodecamp
--

INSERT INTO public.moon VALUES (1, 'Moon', 3, 3474, false, 'rocky');
INSERT INTO public.moon VALUES (2, 'Phobos', 4, 22, false, 'rocky');
INSERT INTO public.moon VALUES (3, 'Deimos', 4, 12, false, 'rocky');
INSERT INTO public.moon VALUES (4, 'Io', 5, 3643, false, 'volcanic');
INSERT INTO public.moon VALUES (5, 'Europa', 5, 3121, false, 'icy');
INSERT INTO public.moon VALUES (6, 'Ganymede', 5, 5262, false, 'icy');
INSERT INTO public.moon VALUES (7, 'Callisto', 5, 4821, false, 'rocky');
INSERT INTO public.moon VALUES (8, 'Titan', 6, 5150, false, 'methane ice');
INSERT INTO public.moon VALUES (9, 'Rhea', 6, 1527, false, 'rocky');
INSERT INTO public.moon VALUES (10, 'Iapetus', 6, 1469, false, 'icy');
INSERT INTO public.moon VALUES (11, 'Mimas', 6, 396, false, 'rocky');
INSERT INTO public.moon VALUES (12, 'Tethys', 6, 1062, false, 'icy');
INSERT INTO public.moon VALUES (13, 'Dione', 6, 1123, false, 'icy');
INSERT INTO public.moon VALUES (14, 'Enceladus', 6, 504, false, 'icy');
INSERT INTO public.moon VALUES (15, 'Oberon', 7, 1523, false, 'icy');
INSERT INTO public.moon VALUES (16, 'Titania', 7, 1577, false, 'icy');
INSERT INTO public.moon VALUES (17, 'Triton', 8, 2707, false, 'icy');
INSERT INTO public.moon VALUES (18, 'Nereid', 8, 340, false, 'rocky');
INSERT INTO public.moon VALUES (19, 'Proteus', 8, 420, false, 'rocky');
INSERT INTO public.moon VALUES (20, 'Charon', 3, 1212, false, 'ice-rock mix');


--
-- Data for Name: planet; Type: TABLE DATA; Schema: public; Owner: freecodecamp
--

INSERT INTO public.planet VALUES (1, 'Mercury', 1, 0, false, 2439.7);
INSERT INTO public.planet VALUES (2, 'Venus', 1, 0, false, 6051.8);
INSERT INTO public.planet VALUES (3, 'Earth', 1, 8000000000, true, 6371);
INSERT INTO public.planet VALUES (4, 'Mars', 1, 0, false, 3389.5);
INSERT INTO public.planet VALUES (5, 'Jupiter', 1, 0, false, 69911);
INSERT INTO public.planet VALUES (6, 'Saturn', 1, 0, false, 58232);
INSERT INTO public.planet VALUES (7, 'Uranus', 1, 0, false, 25362);
INSERT INTO public.planet VALUES (8, 'Neptune', 1, 0, false, 24622);
INSERT INTO public.planet VALUES (9, 'Kepler-22b', 6, 0, false, 12000);
INSERT INTO public.planet VALUES (10, 'Proxima b', 5, 0, false, 7150);
INSERT INTO public.planet VALUES (11, 'Alpha Centauri Bb', 4, 0, false, 6000);
INSERT INTO public.planet VALUES (12, 'Betelgeuse I', 3, 0, false, 15000);


--
-- Data for Name: star; Type: TABLE DATA; Schema: public; Owner: freecodecamp
--

INSERT INTO public.star VALUES (1, 'Sun', 1, 5778, true, 1.0);
INSERT INTO public.star VALUES (2, 'Sirius', 1, 9940, true, 2.02);
INSERT INTO public.star VALUES (3, 'Betelgeuse', 1, 3500, false, 11.6);
INSERT INTO public.star VALUES (4, 'Alpha Centauri A', 1, 5790, true, 1.1);
INSERT INTO public.star VALUES (5, 'Proxima Centauri', 1, 3042, true, 0.12);
INSERT INTO public.star VALUES (6, 'Vega', 2, 9602, true, 2.1);


--
-- Name: comet_comet_id_seq; Type: SEQUENCE SET; Schema: public; Owner: freecodecamp
--

SELECT pg_catalog.setval('public.comet_comet_id_seq', 3, true);


--
-- Name: galaxy_galaxy_id_seq; Type: SEQUENCE SET; Schema: public; Owner: freecodecamp
--

SELECT pg_catalog.setval('public.galaxy_galaxy_id_seq', 6, true);


--
-- Name: moon_moon_id_seq; Type: SEQUENCE SET; Schema: public; Owner: freecodecamp
--

SELECT pg_catalog.setval('public.moon_moon_id_seq', 20, true);


--
-- Name: planet_planet_id_seq; Type: SEQUENCE SET; Schema: public; Owner: freecodecamp
--

SELECT pg_catalog.setval('public.planet_planet_id_seq', 12, true);


--
-- Name: star_star_id_seq; Type: SEQUENCE SET; Schema: public; Owner: freecodecamp
--

SELECT pg_catalog.setval('public.star_star_id_seq', 6, true);


--
-- Name: comet comet_name_key; Type: CONSTRAINT; Schema: public; Owner: freecodecamp
--

ALTER TABLE ONLY public.comet
    ADD CONSTRAINT comet_name_key UNIQUE (name);


--
-- Name: comet comet_pkey; Type: CONSTRAINT; Schema: public; Owner: freecodecamp
--

ALTER TABLE ONLY public.comet
    ADD CONSTRAINT comet_pkey PRIMARY KEY (comet_id);


--
-- Name: galaxy galaxy_name_key; Type: CONSTRAINT; Schema: public; Owner: freecodecamp
--

ALTER TABLE ONLY public.galaxy
    ADD CONSTRAINT galaxy_name_key UNIQUE (name);


--
-- Name: galaxy galaxy_pkey; Type: CONSTRAINT; Schema: public; Owner: freecodecamp
--

ALTER TABLE ONLY public.galaxy
    ADD CONSTRAINT galaxy_pkey PRIMARY KEY (galaxy_id);


--
-- Name: moon moon_name_key; Type: CONSTRAINT; Schema: public; Owner: freecodecamp
--

ALTER TABLE ONLY public.moon
    ADD CONSTRAINT moon_name_key UNIQUE (name);


--
-- Name: moon moon_pkey; Type: CONSTRAINT; Schema: public; Owner: freecodecamp
--

ALTER TABLE ONLY public.moon
    ADD CONSTRAINT moon_pkey PRIMARY KEY (moon_id);


--
-- Name: planet planet_name_key; Type: CONSTRAINT; Schema: public; Owner: freecodecamp
--

ALTER TABLE ONLY public.planet
    ADD CONSTRAINT planet_name_key UNIQUE (name);


--
-- Name: planet planet_pkey; Type: CONSTRAINT; Schema: public; Owner: freecodecamp
--

ALTER TABLE ONLY public.planet
    ADD CONSTRAINT planet_pkey PRIMARY KEY (planet_id);


--
-- Name: star star_name_key; Type: CONSTRAINT; Schema: public; Owner: freecodecamp
--

ALTER TABLE ONLY public.star
    ADD CONSTRAINT star_name_key UNIQUE (name);


--
-- Name: star star_pkey; Type: CONSTRAINT; Schema: public; Owner: freecodecamp
--

ALTER TABLE ONLY public.star
    ADD CONSTRAINT star_pkey PRIMARY KEY (star_id);


--
-- Name: moon moon_planet_id_fkey; Type: FK CONSTRAINT; Schema: public; Owner: freecodecamp
--

ALTER TABLE ONLY public.moon
    ADD CONSTRAINT moon_planet_id_fkey FOREIGN KEY (planet_id) REFERENCES public.planet(planet_id);


--
-- Name: planet planet_star_id_fkey; Type: FK CONSTRAINT; Schema: public; Owner: freecodecamp
--

ALTER TABLE ONLY public.planet
    ADD CONSTRAINT planet_star_id_fkey FOREIGN KEY (star_id) REFERENCES public.star(star_id);


--
-- Name: star star_galaxy_id_fkey; Type: FK CONSTRAINT; Schema: public; Owner: freecodecamp
--

ALTER TABLE ONLY public.star
    ADD CONSTRAINT star_galaxy_id_fkey FOREIGN KEY (galaxy_id) REFERENCES public.galaxy(galaxy_id);


--
-- PostgreSQL database dump complete
--

